ds,yhat,yhat_lower,yhat_upper
2018-08-20 16:00:00,82.93979907122142,53.17487566044097,112.79398822604391
2018-08-20 17:00:00,64.48907451623853,34.22364920647802,95.22628121566504
2018-08-20 18:00:00,40.83456269851375,11.21008403522835,68.70400716263795
2018-08-20 19:00:00,25.671855757416537,-6.609169871396408,55.42438419584995
2018-08-20 20:00:00,23.83856424072789,-6.645967164473369,55.400818355989784
2018-08-20 21:00:00,30.216020039901082,-3.2184057738168095,59.12005876594956
2018-08-20 22:00:00,36.625456861912554,7.0222970161693725,67.10213656186788
2018-08-20 23:00:00,39.27875349785889,8.439520222432352,68.23251422135249
2018-08-21 00:00:00,40.01701855687462,10.036709854916248,68.27470967165418
2018-08-21 01:00:00,41.557461916578774,10.787163943384709,70.55334085850437
2018-08-21 02:00:00,42.91278225161159,12.409380411276313,71.77869879426271
2018-08-21 03:00:00,40.205766742487384,10.407584391533513,71.91901455756943
2018-08-21 04:00:00,31.710666900608786,4.116701987238163,63.251093528794826
2018-08-21 05:00:00,21.088488439996837,-8.19490555802512,50.95695191159296
2018-08-21 06:00:00,14.642919073726631,-15.121275391568707,44.60205593572733
2018-08-21 07:00:00,15.044226870984104,-16.2358319758162,46.60121563948016
2018-08-21 08:00:00,18.269920815275484,-9.910752514103306,48.74429567023475
2018-08-21 09:00:00,17.66813666351395,-10.338002270189339,47.50511257505844
2018-08-21 10:00:00,11.644378088100865,-19.001802110181536,40.392005731976234
2018-08-21 11:00:00,7.075988533478778,-22.317170769311574,35.85288028434902
2018-08-21 12:00:00,14.064291698905237,-14.564468891936329,44.666565939687786
2018-08-21 13:00:00,36.060823245665006,7.688575097693879,66.33798224463477
2018-08-21 14:00:00,64.55071953554749,34.067998055711655,94.14189778214565
2018-08-21 15:00:00,83.96795079304086,53.87009826943621,114.71694429238963
2018-08-21 16:00:00,83.2929174587185,54.44536187643978,115.52261910688772
2018-08-21 17:00:00,64.47881600501273,37.08379497344009,92.7387218590063
2018-08-21 18:00:00,40.50986275635725,11.041525624269944,71.30283573121726
2018-08-21 19:00:00,25.08220079946355,-5.557203369555088,56.59899509594406
2018-08-21 20:00:00,23.03340065949544,-5.20678383090497,50.58901279788488
2018-08-21 21:00:00,29.24418136074776,-0.0615660802928238,58.48553131251969
2018-08-21 22:00:00,35.53461572505127,6.128862619711879,64.61320844184102
2018-08-21 23:00:00,38.11490474997099,8.466904865419181,68.73879579284272
2018-08-22 00:00:00,38.82399927731299,8.150046328200265,69.7838922376015
2018-08-22 01:00:00,40.37651363276639,11.374438672976817,70.95944687526699
2018-08-22 02:00:00,41.78216000068559,12.37068190418643,71.75508433900004
2018-08-22 03:00:00,39.160398966990684,10.580250541335575,71.85540874214479
2018-08-22 04:00:00,30.781869461353594,2.492459435315607,58.48456201938788
2018-08-22 05:00:00,20.303735280583965,-6.766141899319703,49.635437334240834
2018-08-22 06:00:00,14.025671301570668,-16.115913178474646,43.61819061712158
2018-08-22 07:00:00,14.613821244638942,-16.573413021487006,42.28564786199918
2018-08-22 08:00:00,18.0415178186706,-12.046874348370325,46.13350128094504
2018-08-22 09:00:00,17.652727579379814,-11.777024985178606,48.6669328017801
2018-08-22 10:00:00,11.84884969708439,-18.58406576696652,42.12522235447481
2018-08-22 11:00:00,7.503243332558668,-21.517339144681518,37.29902946889558
2018-08-22 12:00:00,14.71342080254324,-14.70027862262567,44.584958134496404
2018-08-22 13:00:00,36.92732848292434,6.4840978921642565,67.40520339771187
2018-08-22 14:00:00,65.6267806229516,36.9865191731522,95.55981609283266
2018-08-22 15:00:00,85.24273290166778,55.556641674664604,114.46840058677658
2018-08-22 16:00:00,84.75291403421076,53.20994778451533,114.61276248510619
2018-08-22 17:00:00,66.10822122084662,36.368348179806944,95.11549827021061
2018-08-22 18:00:00,42.29096770027576,13.238987825550707,71.7543995446329
2018-08-22 19:00:00,26.99580718842654,-3.472342701337292,55.967417944555265
2018-08-22 20:00:00,25.05924571579017,-4.846471739019601,55.05597126239102
2018-08-22 21:00:00,31.36136740734125,2.5625463301010605,61.14464427422743
2018-08-22 22:00:00,37.722038028673765,7.561638143120219,67.93318648441921
2018-08-22 23:00:00,40.35167124918297,11.435075941144808,69.37306965290351
2018-08-23 00:00:00,41.08983599165498,11.889517895632371,71.77015552039748
2018-08-23 01:00:00,42.65214980587271,13.025863975836595,71.91217103568763
2018-08-23 02:00:00,44.049687368268806,15.352595790563548,71.9468025577274
2018-08-23 03:00:00,41.40359994195083,12.193957541357346,72.29744881865606
2018-08-23 04:00:00,32.98650951370044,3.174462320716317,61.49752834192705
2018-08-23 05:00:00,22.45781532578934,-5.894314106409532,53.58040010738541
2018-08-23 06:00:00,16.119636513273434,-12.938712047632572,44.09005390398731
2018-08-23 07:00:00,16.6407233380812,-11.054251051115351,45.04426704862018
2018-08-23 08:00:00,19.9971285580622,-8.650047355874287,49.719552797461226
2018-08-23 09:00:00,19.53560194559695,-11.571758489710644,49.69973590543414
2018-08-23 10:00:00,13.660337909782442,-16.659155808745545,45.308177833825845
2018-08-23 11:00:00,9.247451647048237,-22.24927289078004,38.177908521927726
2018-08-23 12:00:00,16.397121752509122,-16.111273668963573,44.20344705050837
2018-08-23 13:00:00,38.559821974544604,7.738981657405319,67.43081919630556
2018-08-23 14:00:00,67.21970799236263,37.74206599372231,96.90969589144578
2018-08-23 15:00:00,86.80984675426363,57.93181187353725,117.03269900715806
2018-08-23 16:00:00,86.30980728900124,56.54698375676193,111.70849776270526
2018-08-23 17:00:00,67.67201944794151,38.1674640903453,98.62603748586788
2018-08-23 18:00:00,43.87998931772411,12.48307584957879,73.6582729160267
2018-08-23 19:00:00,28.62919662640438,-1.7368442260990884,59.281537582267674
2018-08-23 20:00:00,26.75658503376326,-3.5040927801489095,55.74292160904853
2018-08-23 21:00:00,33.142272206496344,3.9663518283479062,62.12490563704766
2018-08-23 22:00:00,39.60574376592804,10.370052492732276,69.12625188236112
2018-08-23 23:00:00,42.356616232887774,10.995737547537914,72.29404948953623
2018-08-24 00:00:00,43.233247439023046,13.626499319439196,72.61687616137
2018-08-24 01:00:00,44.94963934392827,17.284685909844153,76.19266862637585
2018-08-24 02:00:00,46.514862287983576,17.592954987822075,77.48498133067127
2018-08-24 03:00:00,44.047696343596925,13.5013904346003,73.5966814112799
2018-08-24 04:00:00,35.81805323465083,5.907365955045854,64.78058768998731
2018-08-24 05:00:00,25.482316206869356,-4.626438873232852,55.425724495925344
2018-08-24 06:00:00,19.339321160340916,-9.050358565932315,51.06132885903032
2018-08-24 07:00:00,20.054311040887626,-11.424516086404392,47.110459715532734
2018-08-24 08:00:00,23.59965448515328,-7.311074938872574,51.819713011210936
2018-08-24 09:00:00,23.318291139644998,-5.54641274670016,52.09867802823578
2018-08-24 10:00:00,17.61053292866957,-9.402780057134562,46.041693494872945
2018-08-24 11:00:00,13.348596008300348,-16.4062938034772,42.937435400951266
2018-08-24 12:00:00,20.628800595314587,-11.122942528305288,48.65275326261543
2018-08-24 13:00:00,42.89786059969235,14.323374214861886,72.11948454430924
2018-08-24 14:00:00,71.63632815642569,42.19246992854172,101.26063026912625
2018-08-24 15:00:00,91.27387981199499,63.15207063264157,118.9360541772751
2018-08-24 16:00:00,90.78696251581763,62.007629701178,120.2100091818811
2018-08-24 17:00:00,72.12520509377319,39.486385633443966,100.57930361541881
2018-08-24 18:00:00,48.26968322125772,19.158995015315085,78.15821014672699
2018-08-24 19:00:00,32.91386250803886,2.106901885186436,63.62961983346694
2018-08-24 20:00:00,30.89312994438926,1.863283059083651,59.67884626286117
2018-08-24 21:00:00,37.08653997926959,7.04391247449628,65.44845224004932
2018-08-24 22:00:00,43.31303879994995,15.66877390110385,73.5225715932437
2018-08-24 23:00:00,45.7822514462583,13.460884309954961,76.56966319097104
2018-08-25 00:00:00,46.33310983463713,13.566462991443741,76.64594058693787
2018-08-25 01:00:00,47.68076630765566,15.218411152984817,75.71845071345776
2018-08-25 02:00:00,48.83602150403897,18.383151899294628,79.78245173434176
2018-08-25 03:00:00,45.91996207191072,16.96811036079669,75.90957096455597
2018-08-25 04:00:00,37.205371620538145,9.806818873579099,66.98792669282358
2018-08-25 05:00:00,26.352052352289746,-2.7342917731601086,58.22181885535425
2018-08-25 06:00:00,19.662780790178203,-12.14611594159831,48.22865824214517
2018-08-25 07:00:00,19.807229839908402,-12.084887781782468,50.315788799227946
2018-08-25 08:00:00,22.762648468861002,-8.237291214498523,51.31639006607975
2018-08-25 09:00:00,21.87726182748311,-8.085180961008364,52.56433440830783
2018-08-25 10:00:00,15.557021561131307,-13.523091976773612,44.64093760190093
2018-08-25 11:00:00,10.680081597670764,-20.55327993865806,41.77758690949877
2018-08-25 12:00:00,17.348937223619956,-12.111197863672684,47.24924971653983
2018-08-25 13:00:00,39.01665005034809,9.80647642740549,68.75349733621357
2018-08-25 14:00:00,67.17022472435579,37.59398394045773,95.66311828693794
2018-08-25 15:00:00,86.24582487919443,55.804452498587295,115.67177385754611
2018-08-25 16:00:00,85.22634734480059,52.433353918256444,113.71751563285684
2018-08-25 17:00:00,66.0677610935243,36.35357738540062,97.87687564659498
2018-08-25 18:00:00,41.75729982492541,12.10463641295637,72.02563725625299
2018-08-25 19:00:00,25.994333644256983,-4.401243544247205,57.349248496961806
2018-08-25 20:00:00,23.619830962212376,-6.225989020242823,52.54816850064756
2018-08-25 21:00:00,29.518037715048436,-0.6075137934382812,62.75072564141358
2018-08-25 22:00:00,35.51263829872781,9.559830556100495,66.05067141553131
2018-08-25 23:00:00,37.81748361536931,6.779511227254832,65.98463823839475
2018-08-26 00:00:00,38.275165061453094,9.384255194246919,66.39696030771522
2018-08-26 01:00:00,39.60387972981033,10.263717243039194,70.3672616300812
2018-08-26 02:00:00,40.81681624690056,11.682719126608395,68.34789138701295
2018-08-26 03:00:00,38.036757301036474,8.758879873060385,69.1680246555653
2018-08-26 04:00:00,29.537462735161895,0.11932583590368864,59.286569975535116
2018-08-26 05:00:00,18.978971001305823,-10.015950024781525,47.58978657024612
2018-08-26 06:00:00,12.66354270264118,-17.574691398452295,41.155661655343984
2018-08-26 07:00:00,13.2595786497549,-17.479169544086872,42.73237284616941
2018-08-26 08:00:00,16.742303812904836,-13.863203561840733,48.35388832449219
2018-08-26 09:00:00,16.457180002892912,-12.387572694839282,45.055768846025124
2018-08-26 10:00:00,10.806676926196928,-19.040061144430812,39.008843268847755
2018-08-26 11:00:00,6.6647767245952565,-23.913771641024024,35.31123160654063
2018-08-26 12:00:00,14.129149499774215,-16.100732642096634,45.689398761424194
2018-08-26 13:00:00,36.64742207727292,5.027809512577122,64.68744538338464
2018-08-26 14:00:00,65.7006053623235,35.10832851660992,96.55064211938632
2018-08-26 15:00:00,85.71836728650253,56.51490723735314,114.40125409901324
2018-08-26 16:00:00,85.67666967373938,56.49172705377143,116.14334422864259
2018-08-26 17:00:00,67.52417487882977,40.51177925005761,96.16173556682624
2018-08-26 18:00:00,44.24051030149799,14.608551455707032,74.04165747702676
2018-08-26 19:00:00,29.517215457315388,-2.0430127554669943,58.72745713050994
2018-08-26 20:00:00,28.187281870861696,-1.801098516718558,55.377337892767635
2018-08-26 21:00:00,35.126912024056466,3.713992879052232,65.3002064012255
2018-08-26 22:00:00,42.15176085412445,12.261172144829812,70.44329852437411
2018-08-26 23:00:00,45.46774429142849,16.626070150621395,75.35780858996283
2018-08-27 00:00:00,46.90969276128821,16.11868596085579,77.96954719385259
2018-08-27 01:00:00,49.188294025322264,18.899519335218905,82.17276359095989
2018-08-27 02:00:00,51.30955390766714,21.74063933476054,80.95014375544248
2018-08-27 03:00:00,49.389470124687975,20.737905246288985,78.58183609995616
2018-08-27 04:00:00,41.69548228649879,10.664054460312082,71.99159358536491
2018-08-27 05:00:00,31.881835130339354,1.8417610740080617,61.4121705791385
2018-08-27 06:00:00,26.245578011197836,-2.3826569380939646,55.22543481838511
2018-08-27 07:00:00,27.450532471163243,-0.30029816130433995,58.485516763038085
2018-08-27 08:00:00,31.468018721683194,-1.3262958762200696,61.49688764564311
2018-08-27 09:00:00,31.64030341279856,3.6527757592258445,63.61295649900274
2018-08-27 10:00:00,26.36739796810329,-4.978001289205956,55.833574424294625
2018-08-27 11:00:00,22.521582306229348,-6.062161777209015,51.67422851087792
2018-08-27 12:00:00,30.199591286993623,3.1258607655145436,59.493106551643116
2018-08-27 13:00:00,52.84888602191731,22.05256046077253,82.99017445851601
2018-08-27 14:00:00,81.95107544053036,51.39056129820993,113.26180667546582
2018-08-27 15:00:00,101.93717520507077,73.88334062262274,132.09398717786388
