ds,trend,yhat_lower,yhat_upper,trend_lower,trend_upper,additive_terms,additive_terms_lower,additive_terms_upper,daily,daily_lower,daily_upper,weekly,weekly_lower,weekly_upper,multiplicative_terms,multiplicative_terms_lower,multiplicative_terms_upper,yhat
2018-08-20 16:00:00,28.14807038991189,49.72599926679491,107.56737994304822,28.14807038991189,28.14807038991189,52.52335052319667,52.52335052319667,52.52335052319667,48.72409080672595,48.72409080672595,48.72409080672595,3.7992597164707185,3.7992597164707185,3.7992597164707185,0.0,0.0,0.0,80.67142091310856
2018-08-20 17:00:00,28.15122943301235,30.065269847480625,91.44786874330161,28.15122943301235,28.15122943301235,34.00740565500533,34.00740565500533,34.00740565500533,29.968644674032532,29.968644674032532,29.968644674032532,4.03876098097279,4.03876098097279,4.03876098097279,0.0,0.0,0.0,62.158635088017675
2018-08-20 18:00:00,28.154388476112807,7.223675201551747,65.05900324658667,28.154388476112807,28.154388476112807,10.291097311780133,10.291097311780133,10.291097311780133,6.049187804894505,6.049187804894505,6.049187804894505,4.2419095068856265,4.2419095068856265,4.2419095068856265,0.0,0.0,0.0,38.44548578789294
2018-08-20 19:00:00,28.157547519213274,0.0,54.855724139976275,28.157547519213274,28.157547519213274,-4.928990281649188,-4.928990281649188,-4.928990281649188,-9.338102778386645,-9.338102778386645,-9.338102778386645,4.409112496737456,4.409112496737456,4.409112496737456,0.0,0.0,0.0,23.228557237564086
2018-08-20 20:00:00,28.160706562313734,0.0,50.889215742240836,28.160706562313734,28.160706562313734,-6.817026762098039,-6.817026762098039,-6.817026762098039,-11.358130728638654,-11.358130728638654,-11.358130728638654,4.541103966540617,4.541103966540617,4.541103966540617,0.0,0.0,0.0,21.343679800215696
2018-08-20 21:00:00,28.16386560541419,0.0,59.14229605435406,28.16386560541419,28.16386560541419,-0.4943465217115504,-0.4943465217115504,-0.4943465217115504,-5.133273914873778,-5.133273914873778,-5.133273914873778,4.638927393162227,4.638927393162227,4.638927393162227,0.0,0.0,0.0,27.669519083702642
2018-08-20 22:00:00,28.16702464851466,5.166153612601749,64.12273866594369,28.16702464851466,28.16702464851466,5.8591651313417366,5.8591651313417366,5.8591651313417366,1.1552498873420247,1.1552498873420247,1.1552498873420247,4.7039152439997105,4.7039152439997105,4.7039152439997105,0.0,0.0,0.0,34.026189779856395
2018-08-20 23:00:00,28.17018369161512,7.012756849919544,65.42849330281001,28.17018369161512,28.17018369161512,8.456451033670888,8.456451033670888,8.456451033670888,3.7187853571591827,3.7187853571591827,3.7187853571591827,4.737665676511705,4.737665676511705,4.737665676511705,0.0,0.0,0.0,36.62663472528601
2018-08-21 00:00:00,28.173342734715575,8.13521715070826,65.52979495039621,28.173342734715575,28.173342734715575,9.140273260064319,9.140273260064319,9.140273260064319,4.398256533491318,4.398256533491318,4.398256533491318,4.742016726573,4.742016726573,4.742016726573,0.0,0.0,0.0,37.313615994779894
2018-08-21 01:00:00,28.176501777816036,9.517047960070032,69.23363109351261,28.176501777816036,28.176501777816036,10.628065054781317,10.628065054781317,10.628065054781317,5.909046723767934,5.909046723767934,5.909046723767934,4.719018331013383,4.719018331013383,4.719018331013383,0.0,0.0,0.0,38.80456683259735
2018-08-21 02:00:00,28.179660820916496,10.338985062454617,70.44735392040364,28.179660820916496,28.179660820916496,11.930996127870483,11.930996127870483,11.930996127870483,7.260093575226474,7.260093575226474,7.260093575226474,4.670902552644009,4.670902552644009,4.670902552644009,0.0,0.0,0.0,40.11065694878698
2018-08-21 03:00:00,28.18281986401696,7.3252900429640695,67.65373617677622,28.18281986401696,28.18281986401696,9.170215333084672,9.170215333084672,9.170215333084672,4.570162939431951,4.570162939431951,4.570162939431951,4.60005239365272,4.60005239365272,4.60005239365272,0.0,0.0,0.0,37.35303519710163
2018-08-21 04:00:00,28.18597890711742,0.0,56.646808211653834,28.18597890711742,28.18597890711742,0.6200168862518564,0.6200168862518564,0.6200168862518564,-3.8889527098243417,-3.8889527098243417,-3.8889527098243417,4.508969596076198,4.508969596076198,4.508969596076198,0.0,0.0,0.0,28.805995793369277
2018-08-21 05:00:00,28.18913795021788,0.0,47.67039371587253,28.18913795021788,28.18913795021788,-10.056913545282356,-10.056913545282356,-10.056913545282356,-14.457155381484798,-14.457155381484798,-14.457155381484798,4.400241836202444,4.400241836202444,4.400241836202444,0.0,0.0,0.0,18.132224404935524
2018-08-21 06:00:00,28.192296993318344,0.0,40.976226855744905,28.192296993318344,28.192296993318344,-16.555502529651353,-16.555502529651353,-16.555502529651353,-20.83201225149258,-20.83201225149258,-20.83201225149258,4.276509721841225,4.276509721841225,4.276509721841225,0.0,0.0,0.0,11.636794463666991
2018-08-21 07:00:00,28.195456036418804,0.0,40.09340879477617,28.195456036418804,28.195456036418804,-16.206228209922884,-16.206228209922884,-16.206228209922884,-20.34666220986871,-20.34666220986871,-20.34666220986871,4.140433999945828,4.140433999945828,4.140433999945828,0.0,0.0,0.0,11.98922782649592
2018-08-21 08:00:00,28.198615079519264,0.0,45.00918190267291,28.198615079519264,28.198615079519264,-13.034201393522448,-13.034201393522448,-13.034201393522448,-17.02886476718029,-17.02886476718029,-17.02886476718029,3.9946633736578456,3.9946633736578456,3.9946633736578456,0.0,0.0,0.0,15.164413685996816
2018-08-21 09:00:00,28.201774122619728,0.0,42.41175012080913,28.201774122619728,28.201774122619728,-13.693502350105435,-13.693502350105435,-13.693502350105435,-17.535305666321396,-17.535305666321396,-17.535305666321396,3.841803316215961,3.841803316215961,3.841803316215961,0.0,0.0,0.0,14.508271772514293
2018-08-21 10:00:00,28.20493316572019,0.0,38.52297616350583,28.20493316572019,28.20493316572019,-19.778327035182233,-19.778327035182233,-19.778327035182233,-23.4627132868252,-23.4627132868252,-23.4627132868252,3.6843862516429624,3.6843862516429624,3.6843862516429624,0.0,0.0,0.0,8.426606130537955
2018-08-21 11:00:00,28.20809220882065,0.0,32.50108667786662,28.20809220882065,28.20809220882065,-24.408723548968766,-24.408723548968766,-24.408723548968766,-27.933566999437556,-27.933566999437556,-27.933566999437556,3.524843450468789,3.524843450468789,3.524843450468789,0.0,0.0,0.0,3.7993686598518828
2018-08-21 12:00:00,28.21125125192111,0.0,40.503327715515596,28.21125125192111,28.21125125192111,-17.48092017180844,-17.48092017180844,-17.48092017180844,-20.846399135010557,-20.846399135010557,-20.846399135010557,3.3654789632021194,3.3654789632021194,3.3654789632021194,0.0,0.0,0.0,10.73033108011267
2018-08-21 13:00:00,28.214410295021572,4.240122390481446,63.09358546953066,28.214410295021572,28.214410295021572,4.456489452216964,4.456489452216964,4.456489452216964,1.2480435681218522,1.2480435681218522,1.2480435681218522,3.2084458840951102,3.2084458840951102,3.2084458840951102,0.0,0.0,0.0,32.670899747238536
2018-08-21 14:00:00,28.217569338122033,30.02656782928352,91.393643596656,28.217569338122033,28.217569338122033,32.88591947549655,32.88591947549655,32.88591947549655,29.830194270613585,29.830194270613585,29.830194270613585,3.0557252048829717,3.0557252048829717,3.0557252048829717,0.0,0.0,0.0,61.10348881361858
2018-08-21 15:00:00,28.220728381222493,49.70209195472644,110.80774222159644,28.22072448226941,28.220728381222493,52.23849117273534,52.23849117273534,52.23849117273534,49.32938369110607,49.32938369110607,49.32938369110607,2.909107481629272,2.909107481629272,2.909107481629272,0.0,0.0,0.0,80.45921955395784
2018-08-21 16:00:00,28.223887424322957,47.193888412946684,108.28099138968965,28.223855779678296,28.223887424322957,51.494268306239476,51.494268306239476,51.494268306239476,48.72409080669013,48.72409080669013,48.72409080669013,2.770177499549347,2.770177499549347,2.770177499549347,0.0,0.0,0.0,79.71815573056243
2018-08-21 17:00:00,28.227046467423417,29.003322252409873,89.91954109921444,28.22700782725617,28.227046467423417,32.60894675246841,32.60894675246841,32.60894675246841,29.968644673480373,29.968644673480373,29.968644673480373,2.640302078988042,2.640302078988042,2.640302078988042,0.0,0.0,0.0,60.83599321989183
2018-08-21 18:00:00,28.230205510523877,7.063437196667406,68.72811631515697,28.230147761117948,28.230205510523877,8.569808928509962,8.569808928509962,8.569808928509962,6.049187804367949,6.049187804367949,6.049187804367949,2.520621124142015,2.520621124142015,2.520621124142015,0.0,0.0,0.0,36.80001443903384
2018-08-21 19:00:00,28.23336455362434,0.0,48.23908488201507,28.233278542814478,28.23338459099221,-6.926060806089686,-6.926060806089686,-6.926060806089686,-9.338102778615927,-9.338102778615927,-9.338102778615927,2.4120419725262394,2.4120419725262394,2.4120419725262394,0.0,0.0,0.0,21.307303747534654
2018-08-21 20:00:00,28.2365235967248,0.0,49.2767605881596,28.236401325556304,28.236568717661125,-9.04289366937327,-9.04289366937327,-9.04289366937327,-11.358130728531693,-11.358130728531693,-11.358130728531693,2.3152370591584224,2.3152370591584224,2.3152370591584224,0.0,0.0,0.0,19.19362992735153
2018-08-21 21:00:00,28.23968263982526,0.0,56.681688938307225,28.239539368218196,28.23973082816873,-2.9026290489957933,-2.9026290489957933,-2.9026290489957933,-5.133273915227698,-5.133273915227698,-5.133273915227698,2.2306448662319043,2.2306448662319043,2.2306448662319043,0.0,0.0,0.0,25.33705359082947
2018-08-21 22:00:00,28.24284168292572,2.9940290918255617,62.31556013887872,28.242650588879776,28.242916217936145,3.3137239736053563,3.3137239736053563,3.3137239736053563,1.1552498875909616,1.1552498875909616,1.1552498875909616,2.1584740860143956,2.1584740860143956,2.1584740860143956,0.0,0.0,0.0,31.556565656531077
2018-08-21 23:00:00,28.246000726026185,4.229219039753727,65.18303608206406,28.2457702521952,28.2460947622978,5.817496240225866,5.817496240225866,5.817496240225866,3.718785357265113,3.718785357265113,3.718785357265113,2.098710882960753,2.098710882960753,2.098710882960753,0.0,0.0,0.0,34.06349696625205
2018-08-22 00:00:00,28.249159769126646,5.186020425431488,64.49486003989671,28.248885193806824,28.24927079270836,6.449385634728249,6.449385634728249,6.449385634728249,4.398256533456357,4.398256533456357,4.398256533456357,2.051129101271893,2.051129101271893,2.051129101271893,0.0,0.0,0.0,34.698545403854894
2018-08-22 01:00:00,28.252318812227106,7.038450016941488,65.77141918170629,28.251997937246088,28.252440218113083,7.924349950492258,7.924349950492258,7.924349950492258,5.909046723641641,5.909046723641641,5.909046723641641,2.015303226850615,2.015303226850615,2.015303226850615,0.0,0.0,0.0,36.176668762719366
2018-08-22 02:00:00,28.25547785532757,7.892522699196287,67.09286865246229,28.255121594032417,28.255624309989848,9.250717452394454,9.250717452394454,9.250717452394454,7.260093575227083,7.260093575227083,7.260093575227083,1.9906238771673737,1.9906238771673737,1.9906238771673737,0.0,0.0,0.0,37.506195307722024
2018-08-22 03:00:00,28.25863689842803,4.699106044194944,63.898157553100624,28.258261900055523,28.258830080901536,6.54647850094342,6.54647850094342,6.54647850094342,4.5701629392490855,4.5701629392490855,4.5701629392490855,1.9763155616943335,1.9763155616943335,1.9763155616943335,0.0,0.0,0.0,34.80511539937145
2018-08-22 04:00:00,28.26179594152849,0.0,56.98255943240006,28.261369623103526,28.26201525948362,-1.9174962830603344,-1.9174962830603344,-1.9174962830603344,-3.888952710145101,-3.888952710145101,-3.888952710145101,1.97145642708477,1.97145642708477,1.97145642708477,0.0,0.0,0.0,26.344299658468156
2018-08-22 05:00:00,28.264954984628954,0.0,45.93812126685375,28.26451184796664,28.2652294151906,-12.482155703610019,-12.482155703610019,-12.482155703610019,-14.45715538111567,-14.45715538111567,-14.45715538111567,1.9749996775056555,1.9749996775056555,1.9749996775056555,0.0,0.0,0.0,15.782799281018935
2018-08-22 06:00:00,28.268114027729414,0.0,39.967750133368284,28.267647088941697,28.268430594727675,-18.846215910723867,-18.846215910723867,-18.846215910723867,-20.83201225138222,-20.83201225138222,-20.83201225138222,1.9857963406583508,1.9857963406583508,1.9857963406583508,0.0,0.0,0.0,9.421898117005547
2018-08-22 07:00:00,28.271273070829874,0.0,39.88128001984705,28.270687776087204,28.271634974129725,-18.344043175087656,-18.344043175087656,-18.344043175087656,-20.34666220972983,-20.34666220972983,-20.34666220972983,2.0026190346421715,2.0026190346421715,2.0026190346421715,0.0,0.0,0.0,9.927229895742219
2018-08-22 08:00:00,28.27443211393033,0.0,44.20992406327528,28.273775393606044,28.27485056802312,-15.004678386869637,-15.004678386869637,-15.004678386869637,-17.028864767271767,-17.028864767271767,-17.028864767271767,2.024186380402127,2.024186380402127,2.024186380402127,0.0,0.0,0.0,13.269753727060694
2018-08-22 09:00:00,28.27759115703079,0.0,41.091093075748105,28.276882016698128,28.278058057086604,-15.486117967689252,-15.486117967689252,-15.486117967689252,-17.5353056661771,-17.5353056661771,-17.5353056661771,2.049187698487844,2.049187698487844,2.049187698487844,0.0,0.0,0.0,12.79147318934154
2018-08-22 10:00:00,28.28075020013126,0.0,35.40233581169416,28.279958892959367,28.281262628673424,-21.38640565928996,-21.38640565928996,-21.38640565928996,-23.462713287113978,-23.462713287113978,-23.462713287113978,2.076307627824018,2.076307627824018,2.076307627824018,0.0,0.0,0.0,6.894344540841299
2018-08-22 11:00:00,28.283909243231715,0.0,33.64824935453028,28.283070081730767,28.284468198367332,-25.829316691202916,-25.829316691202916,-25.829316691202916,-27.933566999528857,-27.933566999528857,-27.933566999528857,2.1042503083259443,2.1042503083259443,2.1042503083259443,0.0,0.0,0.0,2.4545925520287994
2018-08-22 12:00:00,28.287068286332175,0.0,39.32176043980159,28.28619320724166,28.28766796808052,-18.714636358154525,-18.714636358154525,-18.714636358154525,-20.84639913559788,-20.84639913559788,-20.84639913559788,2.131762777443353,2.131762777443353,2.131762777443353,0.0,0.0,0.0,9.57243192817765
2018-08-22 13:00:00,28.290227329432643,0.40161661546723154,62.96340332063033,28.289316332752563,28.290865527450627,3.4057008115612177,3.4057008115612177,3.4057008115612177,1.2480435670377275,1.2480435670377275,1.2480435670377275,2.1576572445234903,2.1576572445234903,2.1576572445234903,0.0,0.0,0.0,31.69592814099386
2018-08-22 14:00:00,28.2933863725331,31.4396546887903,89.83962186376218,28.292407172235222,28.294057298654575,32.011026195236575,32.011026195236575,32.011026195236575,29.83019427122651,29.83019427122651,29.83019427122651,2.1808319240100693,2.1808319240100693,2.1808319240100693,0.0,0.0,0.0,60.304412567769674
2018-08-22 15:00:00,28.29654541563356,47.05321456144602,110.52248897573496,28.29552074930023,28.297251668997607,51.52967382186858,51.52967382186858,51.52967382186858,49.32938369070135,49.32938369070135,49.32938369070135,2.200290131167222,2.200290131167222,2.200290131167222,0.0,0.0,0.0,79.82621923750213
2018-08-22 16:00:00,28.299704458734027,48.07712555274371,107.25582880354894,28.298619907461966,28.30047864318988,50.93924817657256,50.93924817657256,50.93924817657256,48.72409080712801,48.72409080712801,48.72409080712801,2.2151573694445608,2.2151573694445608,2.2151573694445608,0.0,0.0,0.0,79.23895263530659
2018-08-22 17:00:00,28.302863501834484,29.669974577821097,88.81279312716298,28.301743185974196,28.303690928349877,32.19334084190806,32.19334084190806,32.19334084190806,29.9686446735627,29.9686446735627,29.9686446735627,2.224696168345362,2.224696168345362,2.224696168345362,0.0,0.0,0.0,60.49620434374255
2018-08-22 18:00:00,28.306022544934944,6.844747550038826,66.60051460842595,28.304871918931326,28.30691381314728,8.277506267133878,8.277506267133878,8.277506267133878,6.04918780384139,6.04918780384139,6.04918780384139,2.228318463292489,2.228318463292489,2.228318463292489,0.0,0.0,0.0,36.58352881206882
2018-08-22 19:00:00,28.30918158803541,0.0,50.880449826105206,28.308000651888467,28.31010444364271,-7.112507433942554,-7.112507433942554,-7.112507433942554,-9.33810277828124,-9.33810277828124,-9.33810277828124,2.2255953443386876,2.2255953443386876,2.2255953443386876,0.0,0.0,0.0,21.196674154092857
2018-08-22 20:00:00,28.312340631135864,0.0,48.45855871612621,28.311129384845593,28.313328930928936,-9.141866689995648,-9.141866689995648,-9.141866689995648,-11.358130728424722,-11.358130728424722,-11.358130728424722,2.216264038429073,2.216264038429073,2.216264038429073,0.0,0.0,0.0,19.170473941140216
2018-08-22 21:00:00,28.315499674236328,0.0,57.294966417171935,28.314204818334158,28.316586843065483,-2.9330418857471017,-2.9330418857471017,-2.9330418857471017,-5.133273914947116,-5.133273914947116,-5.133273914947116,2.200232029200015,2.200232029200015,2.200232029200015,0.0,0.0,0.0,25.382457788489226
2018-08-22 22:00:00,28.31865871733679,2.327402365185657,61.14478023973664,28.31725337063382,28.31977060291721,3.3328281470450465,3.3328281470450465,3.3328281470450465,1.1552498878399013,1.1552498878399013,1.1552498878399013,2.177578259205144,2.177578259205144,2.177578259205144,0.0,0.0,0.0,31.651486864381834
2018-08-22 23:00:00,28.32181776043725,5.161302048965612,62.84540019843922,28.32032964879174,28.32296719142653,5.86733675815941,5.86733675815941,5.86733675815941,3.7187853573710417,3.7187853573710417,3.7187853573710417,2.148551400788368,2.148551400788368,2.148551400788368,0.0,0.0,0.0,34.18915451859666
2018-08-23 00:00:00,28.324976803537712,5.838816327762475,65.7408218049244,28.323418264878022,28.326148995536688,6.511821757088056,6.511821757088056,6.511821757088056,4.398256533618396,4.398256533618396,4.398256533618396,2.1135652234696582,2.1135652234696582,2.1135652234696582,0.0,0.0,0.0,34.836798560625766
2018-08-23 01:00:00,28.328135846638173,7.320195727732838,67.23328576943234,28.32646842649771,28.32934371757485,7.98223785037276,7.98223785037276,7.98223785037276,5.909046723515348,5.909046723515348,5.909046723515348,2.0731911268574126,2.0731911268574126,2.0731911268574126,0.0,0.0,0.0,36.31037369701093
2018-08-23 02:00:00,28.331294889738633,9.523251639052155,67.4083415806897,28.329575955852693,28.33255001805848,9.288241523635428,9.288241523635428,9.288241523635428,7.26009357505175,7.26009357505175,7.26009357505175,2.028147948583678,2.028147948583678,2.028147948583678,0.0,0.0,0.0,37.619536413374064
2018-08-23 03:00:00,28.334453932839097,2.3920132367885145,63.51478990518281,28.332683565217543,28.335762863763016,6.549452134217649,6.549452134217649,6.549452134217649,4.57016293906622,4.57016293906622,4.57016293906622,1.9792891951514293,1.9792891951514293,1.9792891951514293,0.0,0.0,0.0,34.88390606705674
2018-08-23 04:00:00,28.337612975939557,0.0,57.128313718327874,28.335803442184755,28.3389709701666,-1.9613648292340242,-1.9613648292340242,-1.9613648292340242,-3.8889527102688564,-3.8889527102688564,-3.8889527102688564,1.9275878810348337,1.9275878810348337,1.9275878810348337,0.0,0.0,0.0,26.37624814670553
2018-08-23 05:00:00,28.340772019040017,0.0,44.538019510649335,28.338923319151974,28.342178316789923,-12.583036186631215,-12.583036186631215,-12.583036186631215,-14.457155381746292,-14.457155381746292,-14.457155381746292,1.8741191951150766,1.8741191951150766,1.8741191951150766,0.0,0.0,0.0,15.757735832408802
2018-08-23 06:00:00,28.34393106214048,0.0,38.503983569517395,28.342043196119192,28.34534986946655,-19.011971005903785,-19.011971005903785,-19.011971005903785,-20.832012251253406,-20.832012251253406,-20.832012251253406,1.8200412453496226,1.8200412453496226,1.8200412453496226,0.0,0.0,0.0,9.331960056236696
2018-08-23 07:00:00,28.34709010524094,0.0,41.370364059878675,28.345142832738286,28.34853829362025,-18.58008804916975,-18.58008804916975,-18.58008804916975,-20.346662209946835,-20.346662209946835,-20.346662209946835,1.7665741607770855,1.7665741607770855,1.7665741607770855,0.0,0.0,0.0,9.767002056071192
2018-08-23 08:00:00,28.3502491483414,0.0,44.08869635440128,28.34823818440334,28.351737319620057,-15.313886913604499,-15.313886913604499,-15.313886913604499,-17.02886476728267,-17.02886476728267,-17.02886476728267,1.7149778536781701,1.7149778536781701,1.7149778536781701,0.0,0.0,0.0,13.036362234736902
2018-08-23 09:00:00,28.35340819144186,0.0,43.74758706692227,28.351325223762753,28.35494246430531,-15.868776900246745,-15.868776900246745,-15.868776900246745,-17.53530566639622,-17.53530566639622,-17.53530566639622,1.6665287661494699,1.6665287661494699,1.6665287661494699,0.0,0.0,0.0,12.484631291195116
2018-08-23 10:00:00,28.356567234542318,0.0,35.67540300419772,28.354334882122224,28.358155782326094,-21.840217347295983,-21.840217347295983,-21.840217347295983,-23.462713287402767,-23.462713287402767,-23.462713287402767,1.6224959401067844,1.6224959401067844,1.6224959401067844,0.0,0.0,0.0,6.516349887246335
2018-08-23 11:00:00,28.359726277642785,0.0,33.54246846345674,28.357439811161004,28.361519664106616,-26.34945023726413,-26.34945023726413,-26.34945023726413,-27.9335669995233,-27.9335669995233,-27.9335669995233,1.5841167622591699,1.5841167622591699,1.5841167622591699,0.0,0.0,0.0,2.010276040378656
2018-08-23 12:00:00,28.362885320743246,0.0,39.79606077502438,28.360546233428984,28.364806624343185,-19.29382639384347,-19.29382639384347,-19.29382639384347,-20.846399135499407,-20.846399135499407,-20.846399135499407,1.5525727416559356,1.5525727416559356,1.5525727416559356,0.0,0.0,0.0,9.069058926899775
2018-08-23 13:00:00,28.366044363843702,0.5913716364707959,59.79258615780696,28.363644605117994,28.368012585165364,2.777009247399414,2.777009247399414,2.777009247399414,1.2480435676508514,1.2480435676508514,1.2480435676508514,1.5289656797485633,1.5289656797485633,1.5289656797485633,0.0,0.0,0.0,31.143053611243115
2018-08-23 14:00:00,28.36920340694417,29.309546582911462,89.62474301779577,28.366752793402732,28.371267702849885,31.344488860141105,31.344488860141105,31.344488860141105,29.83019427018209,29.83019427018209,29.83019427018209,1.514294589959013,1.514294589959013,1.514294589959013,0.0,0.0,0.0,59.71369226708528
2018-08-23 15:00:00,28.37236245004463,50.19840774155328,110.21277777915641,28.369858012772145,28.374510217695008,50.83881740660617,50.83881740660617,50.83881740660617,49.32938369096,49.32938369096,49.32938369096,1.5094337156461712,1.5094337156461712,1.5094337156461712,0.0,0.0,0.0,79.2111798566508
2018-08-23 16:00:00,28.375521493145087,48.820184866300096,106.73200344868903,28.372965306236516,28.377765603160146,50.23920279064997,50.23920279064997,50.23920279064997,48.724090806895184,48.724090806895184,48.724090806895184,1.5151119837547886,1.5151119837547886,1.5151119837547886,0.0,0.0,0.0,78.61472428379506
2018-08-23 17:00:00,28.378680536245554,30.705285236064054,88.41144848557651,28.376068680635424,28.381088896883284,31.50053888801108,31.50053888801108,31.50053888801108,29.968644674501416,29.968644674501416,29.968644674501416,1.531894213509661,1.531894213509661,1.531894213509661,0.0,0.0,0.0,59.87921942425663
2018-08-23 18:00:00,28.381839579346014,5.435781399887937,66.41010957866834,28.379219408565678,28.384323147823572,7.609352183389596,7.609352183389596,7.609352183389596,6.049187804679787,6.049187804679787,6.049187804679787,1.5601643787098107,1.5601643787098107,1.5601643787098107,0.0,0.0,0.0,35.99119176273561
2018-08-23 19:00:00,28.38499862244647,0.0,49.085435219727636,28.38232376007598,28.387538232034785,-7.73799158162567,-7.73799158162567,-7.73799158162567,-9.338102778154637,-9.338102778154637,-9.338102778154637,1.6001111965289645,1.6001111965289645,1.6001111965289645,0.0,0.0,0.0,20.6470070408208
2018-08-23 20:00:00,28.388157665546938,0.0,49.862735673660545,28.385417484976617,28.390751664537234,-9.706414442411281,-9.706414442411281,-9.706414442411281,-11.3581307285624,-11.3581307285624,-11.3581307285624,1.6517162861511194,1.6517162861511194,1.6517162861511194,0.0,0.0,0.0,18.681743223135655
2018-08-23 21:00:00,28.3913167086474,0.0,53.85932892710062,28.388508198653437,28.393963245965704,-3.418528806729321,-3.418528806729321,-3.418528806729321,-5.133273915238016,-5.133273915238016,-5.133273915238016,1.714745108508693,1.714745108508693,1.714745108508693,0.0,0.0,0.0,24.97278790191808
2018-08-23 22:00:00,28.394475751747855,3.133299278056747,60.922686631967586,28.391573575900555,28.397168398123753,2.943990749369096,2.943990749369096,2.943990749369096,1.1552498876637187,1.1552498876637187,1.1552498876637187,1.7887408617053775,1.7887408617053775,1.7887408617053775,0.0,0.0,0.0,31.33846650111695
2018-08-23 23:00:00,28.397634794848315,4.214878910388576,62.421224807432665,28.394630757769054,28.400405624343524,5.591806826537375,5.591806826537375,5.591806826537375,3.7187853571210816,3.7187853571210816,3.7187853571210816,1.8730214694162919,1.8730214694162919,1.8730214694162919,0.0,0.0,0.0,33.98944162138569
2018-08-24 00:00:00,28.400793837948783,6.442011582006059,64.08258142373033,28.397722855394388,28.403603560781693,6.364936292046097,6.364936292046097,6.364936292046097,4.398256533584313,4.398256533584313,4.398256533584313,1.9666797584617826,1.9666797584617826,1.9666797584617826,0.0,0.0,0.0,34.76573012999488
2018-08-24 01:00:00,28.40395288104924,6.823606916465752,66.09591146581153,28.40083238341077,28.406922313959615,7.977633603615214,7.977633603615214,7.977633603615214,5.909046723438232,5.909046723438232,5.909046723438232,2.0685868801769844,2.0685868801769844,2.0685868801769844,0.0,0.0,0.0,36.38158648466445
2018-08-24 02:00:00,28.4071119241497,6.626348418453578,65.53984840903107,28.40394191142715,28.410171029577505,9.43749256203206,9.43749256203206,9.43749256203206,7.260093574876421,7.260093574876421,7.260093574876421,2.177398987155639,2.177398987155639,2.177398987155639,0.0,0.0,0.0,37.84460448618176
2018-08-24 03:00:00,28.41027096725016,6.708937307866826,64.51156248461058,28.4070371194901,28.41339034691566,6.861730072594698,6.861730072594698,6.861730072594698,4.570162938883351,4.570162938883351,4.570162938883351,2.291567133711348,2.291567133711348,2.291567133711348,0.0,0.0,0.0,35.27200103984486
2018-08-24 04:00:00,28.413430010350623,0.0,57.904141525073896,28.410125363337468,28.416615217079205,-1.4796023851027966,-1.4796023851027966,-1.4796023851027966,-3.888952709856184,-3.888952709856184,-3.888952709856184,2.409350324753386,2.409350324753386,2.409350324753386,0.0,0.0,0.0,26.933827625247826
2018-08-24 05:00:00,28.416589053451084,0.0,45.75029634222636,28.41323017348641,28.419883097757154,-11.92832378615171,-11.92832378615171,-11.92832378615171,-14.457155381742417,-14.457155381742417,-14.457155381742417,2.528831595590712,2.528831595590712,2.528831595590712,0.0,0.0,0.0,16.488265267299376
2018-08-24 06:00:00,28.419748096551544,0.0,40.32343516071725,28.416300761699695,28.423102636426712,-18.184075288531815,-18.184075288531815,-18.184075288531815,-20.832012251824903,-20.832012251824903,-20.832012251824903,2.6479369632930863,2.6479369632930863,2.6479369632930863,0.0,0.0,0.0,10.235672808019729
2018-08-24 07:00:00,28.422907139652008,0.0,40.4395213511575,28.419365845965256,28.426311599101282,-17.582205158996548,-17.582205158996548,-17.582205158996548,-20.346662209807956,-20.346662209807956,-20.346662209807956,2.764457050811407,2.764457050811407,2.764457050811407,0.0,0.0,0.0,10.84070198065546
2018-08-24 08:00:00,28.426066182752468,0.0,44.27223566030912,28.42247590814805,28.429520561775853,-14.152793619706252,-14.152793619706252,-14.152793619706252,-17.028864767293573,-17.028864767293573,-17.028864767293573,2.876071147587321,2.876071147587321,2.876071147587321,0.0,0.0,0.0,14.273272563046216
2018-08-24 09:00:00,28.429225225852928,0.0,42.83809352626424,28.42558597033085,28.432744509608682,-14.554932230994114,-14.554932230994114,-14.554932230994114,-17.535305666615333,-17.535305666615333,-17.535305666615333,2.980373435621219,2.980373435621219,2.980373435621219,0.0,0.0,0.0,13.874292994858815
2018-08-24 10:00:00,28.432384268953392,0.0,38.4721697495149,28.428601502757786,28.43595160296066,-20.38781220914246,-20.38781220914246,-20.38781220914246,-23.462713287691553,-23.462713287691553,-23.462713287691553,3.0749010785490967,3.0749010785490967,3.0749010785490967,0.0,0.0,0.0,8.044572059810932
2018-08-24 11:00:00,28.435543312053852,0.0,34.944000699459004,28.431690469755452,28.439160773548295,-24.776403155736322,-24.776403155736322,-24.776403155736322,-27.93356699925871,-27.93356699925871,-27.93356699925871,3.157163843522386,3.157163843522386,3.157163843522386,0.0,0.0,0.0,3.6591401563175303
2018-08-24 12:00:00,28.438702355154312,0.0,39.51161276703987,28.434718914267346,28.442377958026164,-17.621724233363402,-17.621724233363402,-17.621724233363402,-20.84639913520393,-20.84639913520393,-20.84639913520393,3.224674901840531,3.224674901840531,3.224674901840531,0.0,0.0,0.0,10.81697812179091
2018-08-24 13:00:00,28.441861398254776,3.7393469282513,62.568470760983836,28.437778654687442,28.44557917376841,4.523026002229756,4.523026002229756,4.523026002229756,1.248043567629483,1.248043567629483,1.248043567629483,3.2749824346002723,3.2749824346002723,3.2749824346002723,0.0,0.0,0.0,32.96488740048453
2018-08-24 14:00:00,28.445020441355236,31.82466827690217,94.95919433453835,28.440805010433937,28.44878044639412,33.135895926016495,33.135895926016495,33.135895926016495,29.83019427079503,29.83019427079503,29.83019427079503,3.305701655221468,3.305701655221468,3.305701655221468,0.0,0.0,0.0,61.58091636737173
2018-08-24 15:00:00,28.448179484455697,53.234943644275745,111.73296982449993,28.44388846060346,28.451991220005727,52.64393054134641,52.64393054134641,52.64393054134641,49.329383691218645,49.329383691218645,49.329383691218645,3.314546850127762,3.314546850127762,3.314546850127762,0.0,0.0,0.0,81.0921100258021
2018-08-24 16:00:00,28.451338527556157,50.778440162214174,109.8286114272407,28.44697563999147,28.45521492371573,52.02345384082869,52.02345384082869,52.02345384082869,48.72409080666236,48.72409080666236,48.72409080666236,3.299363034166321,3.299363034166321,3.299363034166321,0.0,0.0,0.0,80.47479236838484
2018-08-24 17:00:00,28.454497570656617,30.669588390645984,93.27843809277383,28.45007847225539,28.458451988690395,33.22680149104682,33.22680149104682,33.22680149104682,29.96864467394925,29.96864467394925,29.96864467394925,3.258156817097567,3.258156817097567,3.258156817097567,0.0,0.0,0.0,61.68129906170344
2018-08-24 18:00:00,28.45765661375708,6.238912463623085,68.14857517675561,28.453185787107476,28.461689053665076,9.238313887560357,9.238313887560357,9.238313887560357,6.049187804853533,6.049187804853533,6.049187804853533,3.189126082706822,3.189126082706822,3.189126082706822,0.0,0.0,0.0,37.69597050131744
2018-08-24 19:00:00,28.46081565685754,0.0,52.51253812421349,28.456262229670394,28.464922690085142,-6.247414686288792,-6.247414686288792,-6.247414686288792,-9.338102778383924,-9.338102778383924,-9.338102778383924,3.090688092095129,3.090688092095129,3.090688092095129,0.0,0.0,0.0,22.21340097056875
2018-08-24 20:00:00,28.463974699958,0.0,48.49671227729125,28.45931111794287,28.468106379071497,-8.396625090516565,-8.396625090516565,-8.396625090516565,-11.358130728455432,-11.358130728455432,-11.358130728455432,2.9615056379388682,2.9615056379388682,2.9615056379388682,0.0,0.0,0.0,20.067349609441436
2018-08-24 21:00:00,28.467133743058465,0.0,57.12645682101547,28.462375155592675,28.471346650467662,-2.3327630188466744,-2.3327630188466744,-2.3327630188466744,-5.13327391495744,-5.13327391495744,-5.13327391495744,2.800510896110766,2.800510896110766,2.800510896110766,0.0,0.0,0.0,26.13437072421179
2018-08-24 22:00:00,28.470292786158925,3.6129181617254655,63.47113308727255,28.46544337494728,28.47458505618552,3.7621765338855697,3.7621765338855697,3.7621765338855697,1.1552498879126571,1.1552498879126571,1.1552498879126571,2.6069266459729135,2.6069266459729135,2.6069266459729135,0.0,0.0,0.0,32.232469320044494
2018-08-24 23:00:00,28.473451829259385,6.891108784252957,65.0825645522237,28.46851159430189,28.477808067513955,6.099069915810691,6.099069915810691,6.099069915810691,3.7187853570806353,3.7187853570806353,3.7187853570806353,2.380284558730057,2.380284558730057,2.380284558730057,0.0,0.0,0.0,34.57252174507008
2018-08-25 00:00:00,28.47661087235985,6.400021812900823,63.037908816541325,28.471602009815765,28.481031078842392,6.518696819938978,6.518696819938978,6.518696819938978,4.398256533549351,4.398256533549351,4.398256533549351,2.120440286389626,2.120440286389626,2.120440286389626,0.0,0.0,0.0,34.99530769229883
2018-08-25 01:00:00,28.47976991546031,6.71901075386399,66.24660032547254,28.47469636192852,28.484254090170833,7.736631844094808,7.736631844094808,7.736631844094808,5.909046723946431,5.909046723946431,5.909046723946431,1.827585120148377,1.827585120148377,1.827585120148377,0.0,0.0,0.0,36.21640175955512
2018-08-25 02:00:00,28.48292895856077,5.799568938806741,67.0221293169355,28.477790714041276,28.48747666501226,8.762347600766226,8.762347600766226,8.762347600766226,7.260093574877024,7.260093574877024,7.260093574877024,1.5022540258892,1.5022540258892,1.5022540258892,0.0,0.0,0.0,37.245276559326996
2018-08-25 03:00:00,28.486088001661226,7.430611767629452,63.33215106970104,28.480843004966964,28.490695762207416,5.715492845972879,5.715492845972879,5.715492845972879,4.570162939107319,4.570162939107319,4.570162939107319,1.1453299068655607,1.1453299068655607,1.1453299068655607,0.0,0.0,0.0,34.201580847634105
2018-08-25 04:00:00,28.489247044761687,0.0,55.240477225004874,28.483981325065457,28.493945911480935,-3.1309087218222844,-3.1309087218222844,-3.1309087218222844,-3.8889527099799404,-3.8889527099799404,-3.8889527099799404,0.7580439881576534,0.7580439881576534,0.7580439881576534,0.0,0.0,0.0,25.358338322939403
2018-08-25 05:00:00,28.492406087862154,0.0,43.44457968687249,28.487050358607885,28.49719572540247,-14.115183119105108,-14.115183119105108,-14.115183119105108,-14.45715538137329,-14.45715538137329,-14.45715538137329,0.3419722622681837,0.3419722622681837,0.3419722622681837,0.0,0.0,0.0,14.377222968757046
2018-08-25 06:00:00,28.49556513096261,0.0,35.57164897310154,28.490035779516298,28.50042924266228,-20.932984268963484,-20.932984268963484,-20.932984268963484,-20.832012251714545,-20.832012251714545,-20.832012251714545,-0.10097201724894234,-0.10097201724894234,-0.10097201724894234,0.0,0.0,0.0,7.562580861999127
2018-08-25 07:00:00,28.49872417406307,0.0,38.40467160311227,28.493065023975262,28.503623414030734,-20.91521196923079,-20.91521196923079,-20.91521196923079,-20.34666220992701,-20.34666220992701,-20.34666220992701,-0.5685497593037803,-0.5685497593037803,-0.5685497593037803,0.0,0.0,0.0,7.583512204832282
2018-08-25 08:00:00,28.501883217163538,0.0,41.42866686962349,28.49616330775543,28.50688151370835,-18.087076063132393,-18.087076063132393,-18.087076063132393,-17.028864767304476,-17.028864767304476,-17.028864767304476,-1.05821129582792,-1.05821129582792,-1.05821129582792,0.0,0.0,0.0,10.414807154031145
2018-08-25 09:00:00,28.505042260263995,0.0,38.26526622397436,28.49926159153559,28.51016569952206,-19.1024210172308,-19.1024210172308,-19.1024210172308,-17.535305666471036,-17.535305666471036,-17.535305666471036,-1.5671153507597633,-1.5671153507597633,-1.5671153507597633,0.0,0.0,0.0,9.402621243033195
2018-08-25 10:00:00,28.508201303364455,0.0,31.073761437630235,28.50236197787128,28.513447428075505,-25.554864832050075,-25.554864832050075,-25.554864832050075,-23.462713287420318,-23.462713287420318,-23.462713287420318,-2.092151544629753,-2.092151544629753,-2.092151544629753,0.0,0.0,0.0,2.9533364713143797
2018-08-25 11:00:00,28.511360346464922,0.0,29.977384237816082,28.50544101983376,28.516739698413858,-30.56353321751935,-30.56353321751935,-30.56353321751935,-27.933566999350017,-27.933566999350017,-27.933566999350017,-2.6299662181693346,-2.6299662181693346,-2.6299662181693346,0.0,0.0,0.0,0.0
2018-08-25 12:00:00,28.51451938956538,0.0,35.3034173276758,28.50849676386829,28.519981771049437,-24.023390452698603,-24.023390452698603,-24.023390452698603,-20.846399134908456,-20.846399134908456,-20.846399134908456,-3.1769913177901454,-3.1769913177901454,-3.1769913177901454,0.0,0.0,0.0,4.491128936866776
2018-08-25 13:00:00,28.51767843266584,0.0,56.44210715262748,28.51155117465224,28.523237532571574,-2.481432479896116,-2.481432479896116,-2.481432479896116,1.2480435665453569,1.2480435665453569,1.2480435665453569,-3.729476046441473,-3.729476046441473,-3.729476046441473,0.0,0.0,0.0,26.036245952769722
2018-08-25 14:00:00,28.5208374757663,23.882955859188247,83.62712660908014,28.514606252061483,28.52647843869848,25.54667332061394,25.54667332061394,25.54667332061394,29.830194270707647,29.830194270707647,29.830194270707647,-4.283520950093705,-4.283520950093705,-4.283520950093705,0.0,0.0,0.0,54.06751079638024
2018-08-25 15:00:00,28.523996518866763,40.58512145335409,103.09379989547645,28.517662359533077,28.529717075333313,44.494269613999556,44.494269613999556,44.494269613999556,49.32938369147728,49.32938369147728,49.32938369147728,-4.835114077477728,-4.835114077477728,-4.835114077477728,0.0,0.0,0.0,73.01826613286632
2018-08-25 16:00:00,28.527155561967223,41.97206374180512,99.87815929285858,28.520719766899656,28.532966098371865,43.343921982370894,43.343921982370894,43.343921982370894,48.72409080710024,48.72409080710024,48.72409080710024,-5.380168824729344,-5.380168824729344,-5.380168824729344,0.0,0.0,0.0,71.87107754433812
2018-08-25 17:00:00,28.530314605067684,24.949392573232522,82.76871096728779,28.523757455888713,28.536208877878277,24.05408161879126,24.05408161879126,24.05408161879126,29.96864467339709,29.96864467339709,29.96864467339709,-5.9145630546058285,-5.9145630546058285,-5.9145630546058285,0.0,0.0,0.0,52.584396223858946
2018-08-25 18:00:00,28.533473648168147,0.0,57.61317327327227,28.52681762216736,28.539428834426833,-0.38499125646865906,-0.38499125646865906,-0.38499125646865906,6.049187804326977,6.049187804326977,6.049187804326977,-6.4341790607956355,-6.4341790607956355,-6.4341790607956355,0.0,0.0,0.0,28.14848239169949
2018-08-25 19:00:00,28.536632691268608,0.0,42.352328026588395,28.529873424991465,28.54266121891944,-16.273046715825448,-16.273046715825448,-16.273046715825448,-9.338102778613196,-9.338102778613196,-9.338102778613196,-6.9349439372122506,-6.9349439372122506,-6.9349439372122506,0.0,0.0,0.0,12.26358597544316
2018-08-25 20:00:00,28.539791734369068,0.0,40.51113691239417,28.532927684728346,28.545900441402576,-18.771000632129486,-18.771000632129486,-18.771000632129486,-11.358130728348462,-11.358130728348462,-11.358130728348462,-7.412869903781023,-7.412869903781023,-7.412869903781023,0.0,0.0,0.0,9.768791102239582
2018-08-25 21:00:00,28.54295077746953,0.0,45.93607442952533,28.535966102837325,28.54913966388572,-12.99736805387692,-12.99736805387692,-12.99736805387692,-5.133273915311354,-5.133273915311354,-5.133273915311354,-7.864094138565566,-7.864094138565566,-7.864094138565566,0.0,0.0,0.0,15.545582723592611
2018-08-25 22:00:00,28.546109820569992,0.0,53.78433783443519,28.539017381379796,28.552358822559004,-7.129667780928041,-7.129667780928041,-7.129667780928041,1.1552498881615918,1.1552498881615918,1.1552498881615918,-8.284917669089634,-8.284917669089634,-8.284917669089634,0.0,0.0,0.0,21.41644203964195
2018-08-25 23:00:00,28.549268863670452,0.0,53.95703544305007,28.542096636287862,28.555603227737024,-4.95305752770261,-4.95305752770261,-4.95305752770261,3.7187853571865648,3.7187853571865648,3.7187853571865648,-8.671842884889175,-8.671842884889175,-8.671842884889175,0.0,0.0,0.0,23.596211335967844
2018-08-26 00:00:00,28.552427906770912,0.0,51.79240086877802,28.54515243911196,28.55889142334489,-4.623352714112207,-4.623352714112207,-4.623352714112207,4.398256533514389,4.398256533514389,4.398256533514389,-9.021609247626596,-9.021609247626596,-9.021609247626596,0.0,0.0,0.0,23.929075192658704
2018-08-26 01:00:00,28.555586949871376,0.0,55.45744235826451,28.548208241936063,28.562228477949304,-3.4221800682574526,-3.4221800682574526,-3.4221800682574526,5.909046723820139,5.909046723820139,5.909046723820139,-9.331226792077592,-9.331226792077592,-9.331226792077592,0.0,0.0,0.0,25.133406881613922
2018-08-26 02:00:00,28.558745992971836,0.0,52.94699885656059,28.551261741407195,28.56550403980121,-2.337913462719808,-2.337913462719808,-2.337913462719808,7.260093575402004,7.260093575402004,7.260093575402004,-9.598007038121812,-9.598007038121812,-9.598007038121812,0.0,0.0,0.0,26.22083253025203
2018-08-26 03:00:00,28.561905036072297,0.0,53.20046037904296,28.55429047342992,28.568671617874692,-5.249428021031391,-5.249428021031391,-5.249428021031391,4.570162938924452,4.570162938924452,4.570162938924452,-9.819590959955844,-9.819590959955844,-9.819590959955844,0.0,0.0,0.0,23.312477015040905
2018-08-26 04:00:00,28.56506407917276,0.0,45.83133757092385,28.557206192872815,28.57194443255433,-13.882926402281454,-13.882926402281454,-13.882926402281454,-3.8889527103006967,-3.8889527103006967,-3.8889527103006967,-9.993973691980756,-9.993973691980756,-9.993973691980756,0.0,0.0,0.0,14.682137676891307
2018-08-26 05:00:00,28.56822312227322,0.0,35.21494509086134,28.56028234303371,28.575209722024873,-24.576681069739468,-24.576681069739468,-24.576681069739468,-14.457155381369416,-14.457155381369416,-14.457155381369416,-10.119525688370052,-10.119525688370052,-10.119525688370052,0.0,0.0,0.0,3.9915420525337524
2018-08-26 06:00:00,28.57138216537368,0.0,28.127473294031486,28.56337562142806,28.57847501149542,-31.027022343279622,-31.027022343279622,-31.027022343279622,-20.832012251585734,-20.832012251585734,-20.832012251585734,-10.195010091693888,-10.195010091693888,-10.195010091693888,0.0,0.0,0.0,0.0
2018-08-26 07:00:00,28.574541208474145,0.0,29.309405895921245,28.56642764377672,28.58171277299444,-30.56625831972982,-30.56625831972982,-30.56625831972982,-20.346662209788125,-20.346662209788125,-20.346662209788125,-10.219596109941696,-10.219596109941696,-10.219596109941696,0.0,0.0,0.0,0.0
2018-08-26 08:00:00,28.577700251574605,0.0,31.270571247636365,28.5694682375261,28.5850280754534,-27.22173301368083,-27.22173301368083,-27.22173301368083,-17.028864767395948,-17.028864767395948,-17.028864767395948,-10.19286824628488,-10.19286824628488,-10.19286824628488,0.0,0.0,0.0,1.3559672378937755
2018-08-26 09:00:00,28.580859294675065,0.0,31.278057382431573,28.57248248474522,28.58831391794114,-27.65013693901991,-27.65013693901991,-27.65013693901991,-17.53530566605566,-17.53530566605566,-17.53530566605566,-10.114831272964247,-10.114831272964247,-10.114831272964247,0.0,0.0,0.0,0.9307223556551563
2018-08-26 10:00:00,28.58401833777553,0.0,24.06503888040702,28.57545034550171,28.59158273680393,-33.448624177149675,-33.448624177149675,-33.448624177149675,-23.462713287709107,-23.462713287709107,-23.462713287709107,-9.985910889440566,-9.985910889440566,-9.985910889440566,0.0,0.0,0.0,0.0
2018-08-26 11:00:00,28.587177380875982,0.0,22.24384711151096,28.578443366740682,28.594931513196123,-37.740517053444314,-37.740517053444314,-37.740517053444314,-27.933566999344453,-27.933566999344453,-27.933566999344453,-9.806950054099865,-9.806950054099865,-9.806950054099865,0.0,0.0,0.0,0.0
2018-08-26 12:00:00,28.59033642397645,0.0,27.396643529428665,28.581436387979668,28.59814237255841,-30.425600163519597,-30.425600163519597,-30.425600163519597,-20.846399135495783,-20.846399135495783,-20.846399135495783,-9.579201028023816,-9.579201028023816,-9.579201028023816,0.0,0.0,0.0,0.0
2018-08-26 13:00:00,28.59349546707691,0.0,52.20600469753567,28.584432673085104,28.601370457101737,-8.056269651742856,-8.056269651742856,-8.056269651742856,1.2480435671584778,1.2480435671584778,1.2480435671584778,-9.304313218901333,-9.304313218901333,-9.304313218901333,0.0,0.0,0.0,20.537225815334054
2018-08-26 14:00:00,28.596654510177366,21.06208311359514,78.63936083668341,28.587436636974072,28.60462469688609,20.845877309469945,20.845877309469945,20.845877309469945,29.83019426966323,29.83019426966323,29.83019426966323,-8.984316960193285,-8.984316960193285,-8.984316960193285,0.0,0.0,0.0,49.442531819647314
2018-08-26 15:00:00,28.599813553277833,39.034110936089114,96.06097345049814,28.590440600863058,28.60791110892393,40.70778028358894,40.70778028358894,40.70778028358894,49.32938369107256,49.32938369107256,49.32938369107256,-8.621603407483622,-8.621603407483622,-8.621603407483622,0.0,0.0,0.0,69.30759383686677
2018-08-26 16:00:00,28.602972596378294,39.493574743349576,99.62443161781759,28.593471928584076,28.61119752096177,40.50519002840637,40.50519002840637,40.50519002840637,48.724090807064414,48.724090807064414,48.724090807064414,-8.218900778658043,-8.218900778658043,-8.218900778658043,0.0,0.0,0.0,69.10816262478465
2018-08-26 17:00:00,28.60613163947875,20.932249211758165,81.75219394556882,28.596630935207163,28.614483932999608,22.189397470007666,22.189397470007666,22.189397470007666,29.96864467433581,29.96864467433581,29.96864467433581,-7.779247204328138,-7.779247204328138,-7.779247204328138,0.0,0.0,0.0,50.79552910948642
2018-08-26 18:00:00,28.609290682579218,0.0,57.08455404384032,28.59981902021666,28.617763775844885,-1.2567726898018652,-1.2567726898018652,-1.2567726898018652,6.049187805165368,6.049187805165368,6.049187805165368,-7.305960494967238,-7.305960494967238,-7.305960494967238,0.0,0.0,0.0,27.35251799277735
2018-08-26 19:00:00,28.612449725679678,0.0,42.07556157644624,28.602827870879718,28.621037337864315,-16.14070794331233,-16.14070794331233,-16.14070794331233,-9.338102778278513,-9.338102778278513,-9.338102778278513,-6.802605165033815,-6.802605165033815,-6.802605165033815,0.0,0.0,0.0,12.47174178236735
2018-08-26 20:00:00,28.615608768780135,0.0,42.347406901132025,28.605751114993847,28.6242869476784,-17.631087812881532,-17.631087812881532,-17.631087812881532,-11.3581307284385,-11.3581307284385,-11.3581307284385,-6.272957084443033,-6.272957084443033,-6.272957084443033,0.0,0.0,0.0,10.984520955898603
2018-08-26 21:00:00,28.618767811880602,0.0,48.184717736403734,28.60879343915404,28.62753284279007,-10.85424007027077,-10.85424007027077,-10.85424007027077,-5.133273915602257,-5.133273915602257,-5.133273915602257,-5.720966154668514,-5.720966154668514,-5.720966154668514,0.0,0.0,0.0,17.764527741609832
2018-08-26 22:00:00,28.621926854981055,0.0,55.34396921126355,28.611806386241526,28.630774518799804,-3.995467539841065,-3.995467539841065,-3.995467539841065,1.1552498879854092,1.1552498879854092,1.1552498879854092,-5.150717427826475,-5.150717427826475,-5.150717427826475,0.0,0.0,0.0,24.62645931513999
2018-08-26 23:00:00,28.62508589808152,0.0,54.228313374384584,28.614865746583554,28.63388600379967,-0.8476057461820219,-0.8476057461820219,-0.8476057461820219,3.718785357292491,3.718785357292491,3.718785357292491,-4.566391103474513,-4.566391103474513,-4.566391103474513,0.0,0.0,0.0,27.777480151899496
2018-08-27 00:00:00,28.62824494118198,0.29687368924622526,59.963161767610494,28.617908833024433,28.637033653824705,0.4260346849860214,0.4260346849860214,0.4260346849860214,4.398256533479426,4.398256533479426,4.398256533479426,-3.972221848493405,-3.972221848493405,-3.972221848493405,0.0,0.0,0.0,29.054279626168
2018-08-27 01:00:00,28.63140398428244,1.0249425145450906,61.28601585896181,28.620972978424952,28.640370121737114,2.536588830764095,2.536588830764095,2.536588830764095,5.909046723743023,5.909046723743023,5.909046723743023,-3.3724578929789284,-3.3724578929789284,-3.3724578929789284,0.0,0.0,0.0,31.167992815046535
2018-08-27 02:00:00,28.634563027382903,4.028660684212006,63.45008718183582,28.62403996811565,28.64365463735904,4.4887732219188115,4.4887732219188115,4.4887732219188115,7.26009357522667,7.26009357522667,7.26009357522667,-2.7713203533078588,-2.7713203533078588,-2.7713203533078588,0.0,0.0,0.0,33.123336249301715
2018-08-27 03:00:00,28.637722070483363,0.2813198432080996,62.42655060322486,28.62708688091904,28.646880529079006,2.3971997079867395,2.3971997079867395,2.3971997079867395,4.570162939097474,4.570162939097474,4.570162939097474,-2.172963231110733,-2.172963231110733,-2.172963231110733,0.0,0.0,0.0,31.034921778470103
2018-08-27 04:00:00,28.640881113583823,0.0,52.72876183414794,28.630145626795144,28.650108280674836,-5.470387235556221,-5.470387235556221,-5.470387235556221,-3.888952710424455,-3.888952710424455,-3.888952710424455,-1.5814345251317656,-1.5814345251317656,-1.5814345251317656,0.0,0.0,0.0,23.170493878027603
2018-08-27 05:00:00,28.64404015668429,0.0,44.140931519186566,28.633204372671244,28.653376562967452,-15.457794259659185,-15.457794259659185,-15.457794259659185,-14.457155381365546,-14.457155381365546,-14.457155381365546,-1.0006388782936375,-1.0006388782936375,-1.0006388782936375,0.0,0.0,0.0,13.186245897025106
2018-08-27 06:00:00,28.647199199784747,0.0,35.0621935168851,28.636263118547348,28.656641816431332,-21.26631441364961,-21.26631441364961,-21.26631441364961,-20.83201225145692,-20.83201225145692,-20.83201225145692,-0.4343021621926878,-0.4343021621926878,-0.4343021621926878,0.0,0.0,0.0,7.380884786135137
2018-08-27 07:00:00,28.650358242885208,0.0,40.680513226921995,28.639326217144507,28.65990706989522,-20.232600586551406,-20.232600586551406,-20.232600586551406,-20.346662209649242,-20.346662209649242,-20.346662209649242,0.11406162309783253,0.11406162309783253,0.11406162309783253,0.0,0.0,0.0,8.417757656333801
2018-08-27 08:00:00,28.653517285985675,0.0,42.890964831469205,28.64240374535197,28.66317232335911,-16.387683980441583,-16.387683980441583,-16.387683980441583,-17.028864767209843,-17.028864767209843,-17.028864767209843,0.6411807867682624,0.6411807867682624,0.6411807867682624,0.0,0.0,0.0,12.265833305544092
2018-08-27 09:00:00,28.65667632908613,0.0,40.0726465854919,28.645481273559433,28.66643757682299,-16.39125225901864,-16.39125225901864,-16.39125225901864,-17.53530566627478,-17.53530566627478,-17.53530566627478,1.144053407256138,1.144053407256138,1.144053407256138,0.0,0.0,0.0,12.265424070067493
2018-08-27 10:00:00,28.659835372186592,0.0,36.385898065623806,28.648558801766892,28.669713651949763,-21.842741751330212,-21.842741751330212,-21.842741751330212,-23.46271328729759,-23.46271328729759,-23.46271328729759,1.61997153596737,1.61997153596737,1.61997153596737,0.0,0.0,0.0,6.8170936208563795
2018-08-27 11:00:00,28.662994415287052,0.0,34.37283461442508,28.651636329974348,28.672968083750757,-25.86702509176807,-25.86702509176807,-25.86702509176807,-27.933566999435754,-27.933566999435754,-27.933566999435754,2.0665419076676885,2.0665419076676885,2.0665419076676885,0.0,0.0,0.0,2.7959693235189818
2018-08-27 12:00:00,28.666153458387512,0.0,38.985848484403576,28.654679655928874,28.67622191648125,-18.364696173546207,-18.364696173546207,-18.364696173546207,-20.846399135200304,-20.846399135200304,-20.846399135200304,2.4817029616541006,2.4817029616541006,2.4817029616541006,0.0,0.0,0.0,10.301457284841305
2018-08-27 13:00:00,28.669312501487976,0.533343627161072,62.336786162104644,28.65769656631536,28.679446522450537,4.1117815901448465,4.1117815901448465,4.1117815901448465,1.2480435677716002,1.2480435677716002,1.2480435677716002,2.8637380223732456,2.8637380223732456,2.8637380223732456,0.0,0.0,0.0,32.78109409163282
2018-08-27 14:00:00,28.672471544588436,30.853411430879298,91.18595036393579,28.66071581467895,28.68267112841982,33.041478806470785,33.041478806470785,33.041478806470785,29.83019427027616,29.83019427027616,29.83019427027616,3.211284536194625,3.211284536194625,3.211284536194625,0.0,0.0,0.0,61.713950351059225
2018-08-27 15:00:00,28.675630587688897,51.17575713269657,111.55508534525676,28.66376782524161,28.685895734389103,52.85272299733867,52.85272299733867,52.85272299733867,49.32938369097533,49.32938369097533,49.32938369097533,3.5233393063633516,3.5233393063633516,3.5233393063633516,0.0,0.0,0.0,81.52835358502756
